filename,label
000000.png,20
000001.png,14
000002.png,42
000003.png,19
000004.png,38
000005.png,30
000006.png,21
000007.png,26
000008.png,12
000009.png,27
000010.png,36
000011.png,36
000012.png,13
000013.png,16
000014.png,6
000015.png,19
000016.png,13
000017.png,41
000018.png,22
000019.png,28
000020.png,18
000021.png,31
000022.png,12
000023.png,22
000024.png,32
000025.png,30
000026.png,22
000027.png,32
000028.png,4
000029.png,19
000030.png,3
000031.png,7
000032.png,42
000033.png,11
000034.png,28
000035.png,38
000036.png,42
000037.png,12
000038.png,13
000039.png,34
000040.png,43
000041.png,36
000042.png,1
000043.png,20
000044.png,20
000045.png,36
000046.png,9
000047.png,36
000048.png,21
000049.png,5
000050.png,28
000051.png,18
000052.png,39
000053.png,23
000054.png,32
000055.png,38
000056.png,12
000057.png,5
000058.png,39
000059.png,14
000060.png,11
000061.png,4
000062.png,6
000063.png,31
000064.png,26
000065.png,26
000066.png,32
000067.png,26
000068.png,25
000069.png,15
000070.png,15
000071.png,23
000072.png,6
000073.png,16
000074.png,7
000075.png,27
000076.png,7
000077.png,25
000078.png,16
000079.png,39
000080.png,25
000081.png,21
000082.png,5
000083.png,23
000084.png,10
000085.png,43
000086.png,37
000087.png,10
000088.png,18
000089.png,43
000090.png,36
000091.png,38
000092.png,31
000093.png,10
000094.png,45
000095.png,33
000096.png,28
000097.png,27
000098.png,32
000099.png,4
000100.png,23
000101.png,32
000102.png,20
000103.png,36
000104.png,34
000105.png,9
000106.png,22
000107.png,22
000108.png,21
000109.png,15
000110.png,12
000111.png,42
000112.png,28
000113.png,20
000114.png,42
000115.png,35
000116.png,42
000117.png,25
000118.png,20
000119.png,4
000120.png,4
000121.png,41
000122.png,26
000123.png,24
000124.png,34
000125.png,32
000126.png,14
000127.png,4
000128.png,4
000129.png,9
000130.png,10
000131.png,25
000132.png,38
000133.png,35
000134.png,12
000135.png,9
000136.png,41
000137.png,25
000138.png,43
000139.png,17
000140.png,33
000141.png,20
000142.png,21
000143.png,19
000144.png,12
000145.png,20
000146.png,30
000147.png,19
000148.png,2
000149.png,9
000150.png,16
000151.png,9
000152.png,41
000153.png,42
000154.png,7
000155.png,23
000156.png,14
000157.png,7
000158.png,30
000159.png,31
000160.png,13
000161.png,28
000162.png,27
000163.png,37
000164.png,33
000165.png,3
000166.png,25
000167.png,18
000168.png,19
000169.png,20
000170.png,30
000171.png,15
000172.png,34
000173.png,13
000174.png,41
000175.png,5
000176.png,9
000177.png,21
000178.png,43
000179.png,17
000180.png,22
000181.png,30
000182.png,39
000183.png,7
000184.png,41
000185.png,22
000186.png,33
000187.png,36
000188.png,12
000189.png,39
000190.png,42
000191.png,21
000192.png,9
000193.png,36
000194.png,19
000195.png,28
000196.png,30
000197.png,5
000198.png,35
000199.png,1
000200.png,12
000201.png,3
000202.png,25
000203.png,16
000204.png,25
000205.png,7
000206.png,38
000207.png,38
000208.png,19
000209.png,39
000210.png,10
000211.png,39
000212.png,41
000213.png,24
000214.png,23
000215.png,28
000216.png,22
000217.png,16
000218.png,7
000219.png,26
000220.png,28
000221.png,3
000222.png,2
000223.png,36
000224.png,4
000225.png,33
000226.png,9
000227.png,17
000228.png,7
000229.png,27
000230.png,5
000231.png,32
000232.png,9
000233.png,15
000234.png,44
000235.png,9
000236.png,22
000237.png,36
000238.png,9
000239.png,11
000240.png,44
000241.png,1
000242.png,24
000243.png,31
000244.png,11
000245.png,2
000246.png,1
000247.png,16
000248.png,13
000249.png,20
000250.png,28
000251.png,24
000252.png,14
000253.png,20
000254.png,17
000255.png,9
000256.png,34
000257.png,26
000258.png,31
000259.png,36
000260.png,23
000261.png,13
000262.png,5
000263.png,34
000264.png,28
000265.png,39
000266.png,22
000267.png,43
000268.png,14
000269.png,37
000270.png,7
000271.png,4
000272.png,35
000273.png,41
000274.png,7
000275.png,26
000276.png,14
000277.png,11
000278.png,15
000279.png,21
000280.png,14
000281.png,22
000282.png,22
000283.png,41
000284.png,39
000285.png,30
000286.png,38
000287.png,32
000288.png,32
000289.png,41
000290.png,5
000291.png,25
000292.png,14
000293.png,44
000294.png,19
000295.png,19
000296.png,44
000297.png,24
000298.png,24
000299.png,16
000300.png,17
000301.png,15
000302.png,14
000303.png,16
000304.png,20
000305.png,1
000306.png,38
000307.png,11
000308.png,31
000309.png,16
000310.png,10
000311.png,12
000312.png,39
000313.png,14
000314.png,10
000315.png,38
000316.png,18
000317.png,34
000318.png,12
000319.png,23
000320.png,33
000321.png,34
000322.png,14
000323.png,3
000324.png,24
000325.png,42
000326.png,35
000327.png,3
000328.png,27
000329.png,35
000330.png,7
000331.png,43
000332.png,39
000333.png,33
000334.png,17
000335.png,32
000336.png,13
000337.png,7
000338.png,36
000339.png,12
000340.png,30
000341.png,27
000342.png,13
000343.png,14
000344.png,36
000345.png,17
000346.png,15
000347.png,33
000348.png,2
000349.png,14
000350.png,3
000351.png,30
000352.png,1
000353.png,1
000354.png,33
000355.png,33
000356.png,18
000357.png,17
000358.png,6
000359.png,44
000360.png,13
000361.png,41
000362.png,7
000363.png,33
000364.png,39
000365.png,30
000366.png,28
000367.png,23
000368.png,11
000369.png,27
000370.png,36
000371.png,39
000372.png,35
000373.png,5
000374.png,37
000375.png,31
000376.png,24
000377.png,7
000378.png,21
000379.png,12
000380.png,44
000381.png,28
000382.png,20
000383.png,24
000384.png,44
000385.png,21
000386.png,38
000387.png,14
000388.png,23
000389.png,12
000390.png,13
000391.png,26
000392.png,41
000393.png,11
000394.png,25
000395.png,22
000396.png,25
000397.png,44
000398.png,25
000399.png,6
000400.png,2
000401.png,1
000402.png,41
000403.png,18
000404.png,31
000405.png,9
000406.png,21
000407.png,26
000408.png,25
000409.png,26
000410.png,35
000411.png,26
000412.png,36
000413.png,2
000414.png,2
000415.png,32
000416.png,12
000417.png,23
000418.png,6
000419.png,32
000420.png,34
000421.png,27
000422.png,20
000423.png,31
000424.png,23
000425.png,10
000426.png,3
000427.png,39
000428.png,37
000429.png,16
000430.png,19
000431.png,13
000432.png,30
000433.png,41
000434.png,9
000435.png,16
000436.png,7
000437.png,41
000438.png,1
000439.png,6
000440.png,25
000441.png,44
000442.png,19
000443.png,3
000444.png,36
000445.png,41
000446.png,20
000447.png,17
000448.png,37
000449.png,37
000450.png,44
000451.png,34
000452.png,22
000453.png,9
000454.png,32
000455.png,7
000456.png,43
000457.png,2
000458.png,42
000459.png,28
000460.png,43
000461.png,13
000462.png,35
000463.png,25
000464.png,14
000465.png,32
000466.png,3
000467.png,24
000468.png,38
000469.png,39
000470.png,21
000471.png,17
000472.png,9
000473.png,36
000474.png,19
000475.png,13
000476.png,20
000477.png,37
000478.png,42
000479.png,27
000480.png,35
000481.png,2
000482.png,38
000483.png,36
000484.png,15
000485.png,39
000486.png,16
000487.png,13
000488.png,3
000489.png,35
000490.png,33
000491.png,4
000492.png,30
000493.png,7
000494.png,4
000495.png,38
000496.png,38
000497.png,16
000498.png,30
000499.png,27
000500.png,21
000501.png,43
000502.png,24
000503.png,20
000504.png,21
000505.png,4
000506.png,16
000507.png,25
000508.png,36
000509.png,19
000510.png,22
000511.png,23
000512.png,41
000513.png,43
000514.png,25
000515.png,21
000516.png,39
000517.png,42
000518.png,36
000519.png,1
000520.png,1
000521.png,25
000522.png,18
000523.png,1
000524.png,36
000525.png,32
000526.png,10
000527.png,35
000528.png,34
000529.png,3
000530.png,37
000531.png,20
000532.png,20
000533.png,28
000534.png,21
000535.png,36
000536.png,15
000537.png,12
000538.png,23
000539.png,13
000540.png,15
000541.png,41
000542.png,7
000543.png,42
000544.png,25
000545.png,38
000546.png,25
000547.png,10
000548.png,31
000549.png,24
000550.png,1
000551.png,24
000552.png,25
000553.png,14
000554.png,22
000555.png,21
000556.png,34
000557.png,7
000558.png,37
000559.png,36
000560.png,2
000561.png,32
000562.png,37
000563.png,36
000564.png,7
000565.png,22
000566.png,4
000567.png,22
000568.png,17
000569.png,42
000570.png,41
000571.png,24
000572.png,14
000573.png,25
000574.png,28
000575.png,2
000576.png,24
000577.png,9
000578.png,24
000579.png,24
000580.png,6
000581.png,32
000582.png,15
000583.png,5
000584.png,30
000585.png,30
000586.png,24
000587.png,18
000588.png,36
000589.png,7
000590.png,11
000591.png,19
000592.png,2
000593.png,43
000594.png,41
000595.png,43
000596.png,37
000597.png,34
000598.png,11
000599.png,24
000600.png,12
000601.png,31
000602.png,13
000603.png,36
000604.png,44
000605.png,38
000606.png,15
000607.png,34
000608.png,20
000609.png,1
000610.png,4
000611.png,3
000612.png,10
000613.png,4
000614.png,25
000615.png,43
000616.png,18
000617.png,33
000618.png,20
000619.png,44
000620.png,4
000621.png,12
000622.png,28
000623.png,30
000624.png,30
000625.png,11
000626.png,11
000627.png,13
000628.png,16
000629.png,42
000630.png,34
000631.png,11
000632.png,30
000633.png,7
000634.png,7
000635.png,24
000636.png,33
000637.png,32
000638.png,17
000639.png,30
000640.png,18
000641.png,41
000642.png,14
000643.png,2
000644.png,42
000645.png,7
000646.png,13
000647.png,35
000648.png,20
000649.png,28
000650.png,32
000651.png,15
000652.png,31
000653.png,6
000654.png,18
000655.png,42
000656.png,36
000657.png,38
000658.png,31
000659.png,12
000660.png,19
000661.png,20
000662.png,34
000663.png,12
000664.png,15
000665.png,36
000666.png,4
000667.png,23
000668.png,17
000669.png,10
000670.png,39
000671.png,14
000672.png,17
000673.png,21
000674.png,21
000675.png,24
000676.png,44
000677.png,22
000678.png,10
000679.png,31
000680.png,18
000681.png,2
000682.png,14
000683.png,28
000684.png,35
000685.png,24
000686.png,28
000687.png,44
000688.png,37
000689.png,28
000690.png,14
000691.png,28
000692.png,7
000693.png,28
000694.png,31
000695.png,9
000696.png,15
000697.png,10
000698.png,31
000699.png,3
000700.png,23
000701.png,30
000702.png,38
000703.png,43
000704.png,30
000705.png,15
000706.png,23
000707.png,3
000708.png,25
000709.png,19
000710.png,38
000711.png,11
000712.png,41
000713.png,20
000714.png,5
000715.png,13
000716.png,9
000717.png,15
000718.png,12
000719.png,22
000720.png,34
000721.png,14
000722.png,21
000723.png,6
000724.png,16
000725.png,35
000726.png,35
000727.png,32
000728.png,13
000729.png,20
000730.png,35
000731.png,4
000732.png,28
000733.png,1
000734.png,25
000735.png,2
000736.png,30
000737.png,3
000738.png,36
000739.png,31
000740.png,6
000741.png,38
000742.png,22
000743.png,14
000744.png,43
000745.png,25
000746.png,13
000747.png,18
000748.png,17
000749.png,31
000750.png,9
000751.png,19
000752.png,12
000753.png,32
000754.png,24
000755.png,19
000756.png,41
000757.png,10
000758.png,39
000759.png,31
000760.png,36
000761.png,42
000762.png,4
000763.png,39
000764.png,18
000765.png,21
000766.png,30
000767.png,9
000768.png,13
000769.png,7
000770.png,12
000771.png,4
000772.png,7
000773.png,39
000774.png,17
000775.png,17
000776.png,28
000777.png,30
000778.png,23
000779.png,15
000780.png,38
000781.png,17
000782.png,32
000783.png,12
000784.png,18
000785.png,32
000786.png,37
000787.png,6
000788.png,2
000789.png,37
000790.png,41
000791.png,16
000792.png,6
000793.png,20
000794.png,26
000795.png,20
000796.png,12
000797.png,44
000798.png,21
000799.png,43
000800.png,3
000801.png,9
000802.png,18
000803.png,31
000804.png,32
000805.png,36
000806.png,36
000807.png,26
000808.png,33
000809.png,36
000810.png,28
000811.png,31
000812.png,9
000813.png,19
000814.png,7
000815.png,3
000816.png,25
000817.png,2
000818.png,30
000819.png,1
000820.png,7
000821.png,33
000822.png,31
000823.png,1
000824.png,35
000825.png,3
000826.png,2
000827.png,43
000828.png,17
000829.png,7
000830.png,15
000831.png,23
000832.png,30
000833.png,33
000834.png,32
000835.png,15
000836.png,22
000837.png,3
000838.png,32
000839.png,13
000840.png,35
000841.png,22
000842.png,20
000843.png,15
000844.png,20
000845.png,24
000846.png,24
000847.png,44
000848.png,30
000849.png,14
000850.png,37
000851.png,23
000852.png,31
000853.png,37
000854.png,44
000855.png,9
000856.png,26
000857.png,36
000858.png,19
000859.png,5
000860.png,17
000861.png,31
000862.png,36
000863.png,7
000864.png,7
000865.png,19
000866.png,4
000867.png,14
000868.png,33
000869.png,21
000870.png,42
000871.png,34
000872.png,6
000873.png,20
000874.png,34
000875.png,44
000876.png,20
000877.png,27
000878.png,15
000879.png,38
000880.png,25
000881.png,26
000882.png,11
000883.png,6
000884.png,31
000885.png,44
000886.png,11
000887.png,10
000888.png,36
000889.png,6
000890.png,41
000891.png,20
000892.png,5
000893.png,6
000894.png,16
000895.png,18
000896.png,31
000897.png,10
000898.png,30
000899.png,41
000900.png,18
000901.png,38
000902.png,25
000903.png,39
000904.png,34
000905.png,32
000906.png,43
000907.png,17
000908.png,28
000909.png,27
000910.png,23
000911.png,24
000912.png,4
000913.png,27
000914.png,11
000915.png,32
000916.png,20
000917.png,34
000918.png,5
000919.png,24
000920.png,26
000921.png,20
000922.png,37
000923.png,32
000924.png,26
000925.png,33
000926.png,30
000927.png,24
000928.png,44
000929.png,22
000930.png,41
000931.png,6
000932.png,28
000933.png,25
000934.png,38
000935.png,26
000936.png,31
000937.png,15
000938.png,1
000939.png,14
000940.png,22
000941.png,36
000942.png,13
000943.png,6
000944.png,37
000945.png,16
000946.png,39
000947.png,16
000948.png,30
000949.png,22
000950.png,4
000951.png,12
000952.png,32
000953.png,33
000954.png,37
000955.png,5
000956.png,15
000957.png,18
000958.png,1
000959.png,32
000960.png,44
000961.png,12
000962.png,24
000963.png,9
000964.png,23
000965.png,42
000966.png,31
000967.png,28
000968.png,22
000969.png,26
000970.png,1
000971.png,3
000972.png,16
000973.png,26
000974.png,21
000975.png,5
000976.png,4
000977.png,12
000978.png,13
000979.png,22
000980.png,11
000981.png,9
000982.png,3
000983.png,3
000984.png,28
000985.png,3
000986.png,34
000987.png,37
000988.png,15
000989.png,27
000990.png,21
000991.png,34
000992.png,34
000993.png,17
000994.png,2
000995.png,34
000996.png,35
000997.png,39
000998.png,31
000999.png,22
001000.png,16
001001.png,36
001002.png,5
001003.png,35
001004.png,14
001005.png,10
001006.png,25
001007.png,15
001008.png,6
001009.png,9
001010.png,26
001011.png,7
001012.png,21
001013.png,39
001014.png,4
001015.png,10
001016.png,37
001017.png,37
001018.png,6
001019.png,42
001020.png,2
001021.png,43
001022.png,42
001023.png,3
001024.png,27
001025.png,5
001026.png,4
001027.png,3
001028.png,37
001029.png,2
001030.png,2
001031.png,35
001032.png,36
001033.png,33
001034.png,22
001035.png,13
001036.png,19
001037.png,17
001038.png,12
001039.png,7
001040.png,42
001041.png,20
001042.png,13
001043.png,1
001044.png,13
001045.png,39
001046.png,15
001047.png,23
001048.png,21
001049.png,15
001050.png,7
001051.png,18
001052.png,22
001053.png,10
001054.png,5
001055.png,20
001056.png,4
001057.png,19
001058.png,36
001059.png,19
001060.png,37
001061.png,16
001062.png,4
001063.png,1
001064.png,17
001065.png,41
001066.png,9
001067.png,24
001068.png,42
001069.png,41
001070.png,12
001071.png,4
001072.png,18
001073.png,3
001074.png,21
001075.png,30
001076.png,23
001077.png,1
001078.png,14
001079.png,31
001080.png,39
001081.png,9
001082.png,11
001083.png,15
001084.png,30
001085.png,10
001086.png,34
001087.png,9
001088.png,38
001089.png,32
001090.png,43
001091.png,16
001092.png,19
001093.png,24
001094.png,32
001095.png,21
001096.png,32
001097.png,12
001098.png,25
001099.png,32
001100.png,22
001101.png,4
001102.png,15
001103.png,41
001104.png,26
001105.png,38
001106.png,18
001107.png,3
001108.png,30
001109.png,7
001110.png,12
001111.png,19
001112.png,34
001113.png,42
001114.png,28
001115.png,41
001116.png,38
001117.png,26
001118.png,32
001119.png,28
001120.png,25
001121.png,6
001122.png,6
001123.png,13
001124.png,26
001125.png,23
001126.png,18
001127.png,33
001128.png,33
001129.png,12
001130.png,18
001131.png,14
001132.png,11
001133.png,4
001134.png,21
001135.png,9
001136.png,36
001137.png,12
001138.png,23
001139.png,17
001140.png,21
001141.png,7
001142.png,24
001143.png,7
001144.png,26
001145.png,9
001146.png,43
001147.png,28
001148.png,13
001149.png,3
001150.png,27
001151.png,1
001152.png,17
001153.png,39
001154.png,6
001155.png,35
001156.png,5
001157.png,11
001158.png,38
001159.png,27
001160.png,25
001161.png,39
001162.png,31
001163.png,7
001164.png,16
001165.png,27
001166.png,20
001167.png,16
001168.png,17
001169.png,30
001170.png,12
001171.png,5
001172.png,20
001173.png,34
001174.png,23
001175.png,11
001176.png,13
001177.png,10
001178.png,23
001179.png,38
001180.png,20
001181.png,13
001182.png,4
001183.png,10
001184.png,35
001185.png,13
001186.png,7
001187.png,7
001188.png,20
001189.png,37
001190.png,30
001191.png,5
001192.png,35
001193.png,9
001194.png,41
001195.png,33
001196.png,21
001197.png,21
001198.png,25
001199.png,27
001200.png,9
001201.png,17
001202.png,30
001203.png,2
001204.png,16
001205.png,5
001206.png,28
001207.png,4
001208.png,10
001209.png,7
001210.png,25
001211.png,35
001212.png,35
001213.png,34
001214.png,31
001215.png,7
001216.png,22
001217.png,36
001218.png,18
001219.png,19
001220.png,27
001221.png,30
001222.png,33
001223.png,39
001224.png,7
001225.png,6
001226.png,41
001227.png,10
001228.png,7
001229.png,22
001230.png,7
001231.png,21
001232.png,1
001233.png,36
001234.png,16
001235.png,13
001236.png,30
001237.png,5
001238.png,33
001239.png,38
001240.png,32
001241.png,33
001242.png,34
001243.png,3
001244.png,2
001245.png,34
001246.png,16
001247.png,31
001248.png,20
001249.png,6
001250.png,26
001251.png,26
001252.png,1
001253.png,22
001254.png,25
001255.png,20
001256.png,33
001257.png,24
001258.png,19
001259.png,17
001260.png,35
001261.png,2
001262.png,32
001263.png,33
001264.png,24
001265.png,19
001266.png,14
001267.png,4
001268.png,6
001269.png,27
001270.png,18
001271.png,27
001272.png,28
001273.png,35
001274.png,34
001275.png,1
001276.png,26
001277.png,36
001278.png,4
001279.png,25
001280.png,11
001281.png,12
001282.png,14
001283.png,1
001284.png,25
001285.png,14
001286.png,26
001287.png,43
001288.png,34
001289.png,37
001290.png,30
001291.png,6
001292.png,30
001293.png,42
001294.png,10
001295.png,23
001296.png,14
001297.png,21
001298.png,2
001299.png,12
001300.png,26
001301.png,7
001302.png,37
001303.png,27
001304.png,12
001305.png,30
001306.png,4
001307.png,15
001308.png,9
001309.png,33
001310.png,1
001311.png,31
001312.png,1
001313.png,21
001314.png,5
001315.png,13
001316.png,28
001317.png,26
001318.png,2
001319.png,12
001320.png,2
001321.png,12
001322.png,17
001323.png,4
001324.png,9
001325.png,38
001326.png,20
001327.png,23
001328.png,18
001329.png,7
001330.png,17
001331.png,10
001332.png,18
001333.png,44
001334.png,4
001335.png,38
001336.png,43
001337.png,13
001338.png,3
001339.png,15
001340.png,24
001341.png,28
001342.png,16
001343.png,38
001344.png,39
001345.png,17
001346.png,28
001347.png,30
001348.png,24
001349.png,17
001350.png,31
001351.png,4
001352.png,43
001353.png,10
001354.png,39
001355.png,7
001356.png,18
001357.png,41
001358.png,5
001359.png,20
001360.png,44
001361.png,22
001362.png,42
001363.png,43
001364.png,41
001365.png,16
001366.png,13
001367.png,27
001368.png,24
001369.png,31
001370.png,5
001371.png,27
001372.png,31
001373.png,27
001374.png,27
001375.png,14
001376.png,25
001377.png,27
001378.png,28
001379.png,15
001380.png,21
001381.png,6
001382.png,41
001383.png,19
001384.png,18
001385.png,38
001386.png,25
001387.png,39
001388.png,16
001389.png,36
001390.png,19
001391.png,9
001392.png,35
001393.png,19
001394.png,37
001395.png,12
001396.png,28
001397.png,27
001398.png,43
001399.png,11
001400.png,9
001401.png,7
001402.png,37
001403.png,17
001404.png,21
001405.png,12
001406.png,18
001407.png,13
001408.png,39
001409.png,2
001410.png,41
001411.png,10
001412.png,17
001413.png,11
001414.png,43
001415.png,16
001416.png,36
001417.png,10
001418.png,6
001419.png,33
001420.png,32
001421.png,24
001422.png,1
001423.png,19
001424.png,43
001425.png,7
001426.png,1
001427.png,19
001428.png,43
001429.png,15
001430.png,2
001431.png,12
001432.png,41
001433.png,9
001434.png,21
001435.png,5
001436.png,19
001437.png,23
001438.png,23
001439.png,3
001440.png,11
001441.png,28
001442.png,39
001443.png,37
001444.png,39
001445.png,24
001446.png,26
001447.png,30
001448.png,23
001449.png,35
001450.png,33
001451.png,4
001452.png,2
001453.png,23
001454.png,31
001455.png,6
001456.png,44
001457.png,12
001458.png,17
001459.png,15
001460.png,42
001461.png,43
001462.png,2
001463.png,19
001464.png,9
001465.png,11
001466.png,7
001467.png,26
001468.png,14
001469.png,42
001470.png,21
001471.png,30
001472.png,9
001473.png,13
001474.png,39
001475.png,35
001476.png,27
001477.png,26
001478.png,32
001479.png,32
001480.png,6
001481.png,10
001482.png,36
001483.png,21
001484.png,5
001485.png,30
001486.png,6
001487.png,2
001488.png,31
001489.png,43
001490.png,1
001491.png,39
001492.png,28
001493.png,5
001494.png,10
001495.png,31
001496.png,14
001497.png,27
001498.png,27
001499.png,39
001500.png,21
001501.png,24
001502.png,19
001503.png,2
001504.png,25
001505.png,38
001506.png,30
001507.png,44
001508.png,25
001509.png,32
001510.png,38
001511.png,39
001512.png,7
001513.png,26
001514.png,3
001515.png,4
001516.png,23
001517.png,41
001518.png,20
001519.png,28
001520.png,36
001521.png,28
001522.png,37
001523.png,4
001524.png,27
001525.png,23
001526.png,9
001527.png,18
001528.png,14
001529.png,6
001530.png,17
001531.png,20
001532.png,35
001533.png,25
001534.png,14
001535.png,35
001536.png,13
001537.png,22
001538.png,11
001539.png,34
001540.png,42
001541.png,4
001542.png,15
001543.png,36
001544.png,12
001545.png,41
001546.png,13
001547.png,37
001548.png,3
001549.png,17
001550.png,24
001551.png,3
001552.png,43
001553.png,21
001554.png,23
001555.png,38
001556.png,20
001557.png,16
001558.png,37
001559.png,21
001560.png,18
001561.png,39
001562.png,21
001563.png,16
001564.png,34
001565.png,42
001566.png,43
001567.png,20
001568.png,3
001569.png,5
001570.png,39
001571.png,16
001572.png,10
001573.png,28
001574.png,15
001575.png,11
001576.png,11
001577.png,39
001578.png,33
001579.png,41
001580.png,31
001581.png,23
001582.png,17
001583.png,23
001584.png,26
001585.png,39
001586.png,33
001587.png,31
001588.png,15
001589.png,13
001590.png,2
001591.png,14
001592.png,37
001593.png,5
001594.png,24
001595.png,1
001596.png,24
001597.png,42
001598.png,7
001599.png,12
001600.png,27
001601.png,39
001602.png,35
001603.png,19
001604.png,5
001605.png,43
001606.png,23
001607.png,21
001608.png,10
001609.png,5
001610.png,2
001611.png,1
001612.png,34
001613.png,9
001614.png,22
001615.png,22
001616.png,43
001617.png,35
001618.png,41
001619.png,20
001620.png,16
001621.png,32
001622.png,12
001623.png,20
001624.png,24
001625.png,31
001626.png,5
001627.png,18
001628.png,28
001629.png,17
001630.png,42
001631.png,36
001632.png,9
001633.png,22
001634.png,16
001635.png,6
001636.png,37
001637.png,41
001638.png,19
001639.png,42
001640.png,21
001641.png,16
001642.png,27
001643.png,34
001644.png,37
001645.png,16
001646.png,26
001647.png,37
001648.png,26
001649.png,43
001650.png,23
001651.png,30
001652.png,23
001653.png,35
001654.png,16
001655.png,1
001656.png,27
001657.png,28
001658.png,4
001659.png,15
001660.png,41
001661.png,11
001662.png,22
001663.png,6
001664.png,38
001665.png,36
001666.png,6
001667.png,11
001668.png,6
001669.png,25
001670.png,37
001671.png,7
001672.png,18
001673.png,1
001674.png,27
001675.png,42
001676.png,3
001677.png,11
001678.png,44
001679.png,35
001680.png,39
001681.png,16
001682.png,41
001683.png,20
001684.png,21
001685.png,5
001686.png,9
001687.png,36
001688.png,9
001689.png,31
001690.png,17
001691.png,11
001692.png,43
001693.png,2
001694.png,44
001695.png,42
001696.png,23
001697.png,42
001698.png,37
001699.png,16
001700.png,18
001701.png,13
001702.png,23
001703.png,34
001704.png,20
001705.png,25
001706.png,9
001707.png,41
001708.png,24
001709.png,5
001710.png,36
001711.png,33
001712.png,20
001713.png,14
001714.png,4
001715.png,42
001716.png,2
001717.png,34
001718.png,11
001719.png,1
001720.png,3
001721.png,3
001722.png,10
001723.png,41
001724.png,6
001725.png,34
001726.png,11
001727.png,1
001728.png,5
001729.png,28
001730.png,6
001731.png,19
001732.png,39
001733.png,26
001734.png,18
001735.png,12
001736.png,5
001737.png,44
001738.png,7
001739.png,22
001740.png,2
001741.png,23
001742.png,38
001743.png,42
001744.png,44
001745.png,43
001746.png,22
001747.png,24
001748.png,23
001749.png,7
001750.png,22
001751.png,36
001752.png,16
001753.png,28
001754.png,30
001755.png,15
001756.png,3
001757.png,38
001758.png,15
001759.png,38
001760.png,25
001761.png,7
001762.png,25
001763.png,28
001764.png,30
001765.png,5
001766.png,38
001767.png,6
001768.png,22
001769.png,19
001770.png,42
001771.png,38
001772.png,44
001773.png,3
001774.png,22
001775.png,26
001776.png,1
001777.png,44
001778.png,24
001779.png,39
001780.png,32
001781.png,33
001782.png,17
001783.png,8
001784.png,23
001785.png,27
001786.png,16
001787.png,44
001788.png,18
001789.png,20
001790.png,39
001791.png,5
001792.png,12
001793.png,32
001794.png,2
001795.png,41
001796.png,36
001797.png,2
001798.png,31
001799.png,9
001800.png,4
001801.png,19
001802.png,16
001803.png,2
001804.png,7
001805.png,20
001806.png,21
001807.png,31
001808.png,17
001809.png,26
001810.png,1
001811.png,37
001812.png,16
001813.png,26
001814.png,31
001815.png,21
001816.png,26
001817.png,9
001818.png,3
001819.png,25
001820.png,35
001821.png,16
001822.png,24
001823.png,36
001824.png,26
001825.png,28
001826.png,2
001827.png,30
001828.png,39
001829.png,20
001830.png,26
001831.png,37
001832.png,16
001833.png,43
001834.png,21
001835.png,20
001836.png,26
001837.png,43
001838.png,17
001839.png,12
001840.png,6
001841.png,3
001842.png,30
001843.png,31
001844.png,14
001845.png,36
001846.png,10
001847.png,35
001848.png,34
001849.png,41
001850.png,5
001851.png,22
001852.png,37
001853.png,43
001854.png,1
001855.png,7
001856.png,36
001857.png,25
001858.png,15
001859.png,10
001860.png,30
001861.png,15
001862.png,12
001863.png,15
001864.png,31
001865.png,13
001866.png,23
001867.png,17
001868.png,1
001869.png,33
001870.png,23
001871.png,25
001872.png,5
001873.png,28
001874.png,42
001875.png,37
001876.png,16
001877.png,17
001878.png,17
001879.png,4
001880.png,17
001881.png,7
001882.png,9
001883.png,17
001884.png,9
001885.png,6
001886.png,12
001887.png,39
001888.png,43
001889.png,7
001890.png,36
001891.png,34
001892.png,39
001893.png,3
001894.png,6
001895.png,15
001896.png,4
001897.png,42
001898.png,15
001899.png,33
001900.png,20
001901.png,43
001902.png,16
001903.png,44
001904.png,1
001905.png,2
001906.png,10
001907.png,22
001908.png,16
001909.png,12
001910.png,13
001911.png,18
001912.png,23
001913.png,12
001914.png,27
001915.png,21
001916.png,26
001917.png,3
001918.png,28
001919.png,35
001920.png,20
001921.png,7
001922.png,17
001923.png,38
001924.png,28
001925.png,12
001926.png,25
001927.png,24
001928.png,20
001929.png,34
001930.png,28
001931.png,2
001932.png,11
001933.png,9
001934.png,4
001935.png,21
001936.png,28
001937.png,25
001938.png,15
001939.png,41
001940.png,25
001941.png,13
001942.png,21
001943.png,44
001944.png,6
001945.png,25
001946.png,30
001947.png,21
001948.png,13
001949.png,25
001950.png,26
001951.png,13
001952.png,26
001953.png,18
001954.png,5
001955.png,32
001956.png,35
001957.png,35
001958.png,3
001959.png,25
001960.png,30
001961.png,32
001962.png,30
001963.png,39
001964.png,4
001965.png,14
001966.png,7
001967.png,30
001968.png,34
001969.png,32
001970.png,10
001971.png,42
001972.png,14
001973.png,24
001974.png,3
001975.png,7
001976.png,18
001977.png,26
001978.png,2
001979.png,31
001980.png,28
001981.png,31
001982.png,23
001983.png,38
001984.png,18
001985.png,20
001986.png,15
001987.png,43
001988.png,19
001989.png,25
001990.png,33
001991.png,36
001992.png,34
001993.png,7
001994.png,27
001995.png,7
001996.png,14
001997.png,28
001998.png,3
001999.png,20
002000.png,15
002001.png,4
002002.png,28
002003.png,38
002004.png,7
002005.png,42
002006.png,1
002007.png,7
002008.png,10
002009.png,3
002010.png,22
002011.png,10
002012.png,42
002013.png,3
002014.png,9
002015.png,17
002016.png,4
002017.png,3
002018.png,6
002019.png,2
002020.png,15
002021.png,17
002022.png,25
002023.png,13
002024.png,12
002025.png,4
002026.png,42
002027.png,5
002028.png,36
002029.png,20
002030.png,19
002031.png,17
002032.png,22
002033.png,34
002034.png,24
002035.png,14
002036.png,12
002037.png,7
002038.png,5
002039.png,10
002040.png,17
002041.png,17
002042.png,21
002043.png,15
002044.png,25
002045.png,2
002046.png,38
002047.png,7
002048.png,37
002049.png,6
002050.png,38
002051.png,33
002052.png,33
002053.png,38
002054.png,34
002055.png,15
002056.png,11
002057.png,32
002058.png,44
002059.png,34
002060.png,37
002061.png,25
002062.png,4
002063.png,19
002064.png,33
002065.png,18
002066.png,15
002067.png,17
002068.png,17
002069.png,3
002070.png,20
002071.png,3
002072.png,13
002073.png,21
002074.png,36
002075.png,37
002076.png,3
002077.png,33
002078.png,3
002079.png,5
002080.png,6
002081.png,41
002082.png,32
002083.png,1
002084.png,9
002085.png,25
002086.png,35
002087.png,24
002088.png,6
002089.png,3
002090.png,15
002091.png,3
002092.png,27
002093.png,26
002094.png,27
002095.png,7
002096.png,11
002097.png,20
002098.png,42
002099.png,42
002100.png,21
002101.png,42
002102.png,35
002103.png,14
002104.png,3
002105.png,16
002106.png,28
002107.png,26
002108.png,19
002109.png,36
002110.png,20
002111.png,19
002112.png,6
002113.png,17
002114.png,23
002115.png,6
002116.png,6
002117.png,28
002118.png,34
002119.png,14
002120.png,6
002121.png,2
002122.png,21
002123.png,5
002124.png,1
002125.png,16
002126.png,17
002127.png,43
002128.png,26
002129.png,26
002130.png,9
002131.png,41
002132.png,14
002133.png,38
002134.png,26
002135.png,11
002136.png,43
002137.png,22
002138.png,2
002139.png,24
002140.png,35
002141.png,25
002142.png,35
002143.png,22
002144.png,13
002145.png,44
002146.png,2
002147.png,2
002148.png,25
002149.png,26
002150.png,5
002151.png,9
002152.png,43
002153.png,42
002154.png,5
002155.png,34
002156.png,18
002157.png,26
002158.png,28
002159.png,1
002160.png,4
002161.png,4
002162.png,20
002163.png,37
002164.png,35
002165.png,26
002166.png,13
002167.png,7
002168.png,43
002169.png,3
002170.png,30
002171.png,2
002172.png,10
002173.png,12
002174.png,4
002175.png,19
002176.png,39
002177.png,42
002178.png,26
002179.png,14
002180.png,21
002181.png,41
002182.png,33
002183.png,4
002184.png,24
002185.png,39
002186.png,30
002187.png,39
002188.png,44
002189.png,13
002190.png,38
002191.png,24
002192.png,1
002193.png,33
002194.png,15
002195.png,28
002196.png,28
002197.png,33
002198.png,13
002199.png,17
002200.png,31
002201.png,36
002202.png,30
002203.png,27
002204.png,36
002205.png,38
002206.png,24
002207.png,34
002208.png,44
002209.png,10
002210.png,35
002211.png,34
002212.png,11
002213.png,16
002214.png,26
002215.png,44
002216.png,16
002217.png,10
002218.png,12
002219.png,9
002220.png,42
002221.png,3
002222.png,35
002223.png,26
002224.png,2
002225.png,21
002226.png,28
002227.png,32
002228.png,26
002229.png,18
002230.png,10
002231.png,25
002232.png,31
002233.png,36
002234.png,19
002235.png,31
002236.png,14
002237.png,14
002238.png,41
002239.png,1
002240.png,44
002241.png,43
002242.png,7
002243.png,17
002244.png,38
002245.png,43
002246.png,35
002247.png,13
002248.png,4
002249.png,39
002250.png,33
002251.png,16
002252.png,16
002253.png,28
002254.png,35
002255.png,36
002256.png,14
002257.png,43
002258.png,1
002259.png,5
002260.png,19
002261.png,17
002262.png,11
002263.png,18
002264.png,36
002265.png,10
002266.png,10
002267.png,41
002268.png,33
002269.png,7
002270.png,38
002271.png,41
002272.png,24
002273.png,37
002274.png,2
002275.png,27
002276.png,43
002277.png,21
002278.png,14
002279.png,28
002280.png,1
002281.png,1
002282.png,26
002283.png,34
002284.png,19
002285.png,7
002286.png,27
002287.png,22
002288.png,44
002289.png,14
002290.png,25
002291.png,15
002292.png,21
002293.png,35
002294.png,42
002295.png,35
002296.png,19
002297.png,17
002298.png,21
002299.png,41
002300.png,12
002301.png,20
002302.png,18
002303.png,7
002304.png,34
002305.png,3
002306.png,27
002307.png,3
002308.png,31
002309.png,30
002310.png,9
002311.png,41
002312.png,17
002313.png,1
002314.png,31
002315.png,19
002316.png,21
002317.png,6
002318.png,36
002319.png,42
002320.png,14
002321.png,1
002322.png,33
002323.png,20
002324.png,33
002325.png,32
002326.png,38
002327.png,21
002328.png,41
002329.png,9
002330.png,35
002331.png,13
002332.png,13
002333.png,28
002334.png,21
002335.png,12
002336.png,9
002337.png,6
002338.png,5
002339.png,1
002340.png,27
002341.png,37
002342.png,1
002343.png,17
002344.png,30
002345.png,28
002346.png,7
002347.png,44
002348.png,32
002349.png,15
002350.png,25
002351.png,13
002352.png,21
002353.png,9
002354.png,33
002355.png,43
002356.png,28
002357.png,9
002358.png,39
002359.png,27
002360.png,3
002361.png,19
002362.png,31
002363.png,26
002364.png,5
002365.png,4
002366.png,21
002367.png,17
002368.png,44
002369.png,12
002370.png,1
002371.png,6
002372.png,9
002373.png,32
002374.png,17
002375.png,23
002376.png,10
002377.png,38
002378.png,26
002379.png,30
002380.png,9
002381.png,2
002382.png,13
002383.png,3
002384.png,18
002385.png,6
002386.png,36
002387.png,14
002388.png,3
002389.png,34
002390.png,15
002391.png,14
002392.png,21
002393.png,18
002394.png,37
002395.png,27
002396.png,24
002397.png,27
002398.png,6
002399.png,35
002400.png,44
002401.png,27
002402.png,22
002403.png,26
002404.png,2
002405.png,24
002406.png,33
002407.png,1
002408.png,3
002409.png,31
002410.png,17
002411.png,4
002412.png,13
002413.png,13
002414.png,42
002415.png,4
002416.png,38
002417.png,1
002418.png,15
002419.png,15
002420.png,14
002421.png,41
002422.png,26
002423.png,2
002424.png,25
002425.png,6
002426.png,16
002427.png,35
002428.png,15
002429.png,30
002430.png,31
002431.png,15
002432.png,38
002433.png,28
002434.png,34
002435.png,42
002436.png,26
002437.png,22
002438.png,23
002439.png,31
002440.png,5
002441.png,12
002442.png,37
002443.png,5
002444.png,16
002445.png,4
002446.png,25
002447.png,22
002448.png,3
002449.png,7
002450.png,38
002451.png,32
002452.png,33
002453.png,26
002454.png,26
002455.png,13
002456.png,32
002457.png,37
002458.png,37
002459.png,25
002460.png,26
002461.png,2
002462.png,15
002463.png,11
002464.png,16
002465.png,11
002466.png,22
002467.png,28
002468.png,38
002469.png,15
002470.png,38
002471.png,6
002472.png,43
002473.png,34
002474.png,23
002475.png,39
002476.png,33
002477.png,26
002478.png,21
002479.png,17
002480.png,33
002481.png,24
002482.png,34
002483.png,6
002484.png,32
002485.png,27
002486.png,17
002487.png,9
002488.png,32
002489.png,21
002490.png,18
002491.png,18
002492.png,44
002493.png,31
002494.png,27
002495.png,32
002496.png,6
002497.png,18
002498.png,19
002499.png,6
002500.png,38
002501.png,5
002502.png,11
002503.png,12
002504.png,17
002505.png,27
002506.png,7
002507.png,41
002508.png,26
002509.png,7
002510.png,36
002511.png,17
002512.png,16
002513.png,6
002514.png,39
002515.png,1
002516.png,38
002517.png,31
002518.png,43
002519.png,33
002520.png,25
002521.png,28
002522.png,1
002523.png,10
002524.png,38
002525.png,9
002526.png,27
002527.png,43
002528.png,22
002529.png,38
002530.png,14
002531.png,9
002532.png,11
002533.png,27
002534.png,43
002535.png,37
002536.png,25
002537.png,6
002538.png,4
002539.png,30
002540.png,27
002541.png,35
002542.png,10
002543.png,2
002544.png,2
002545.png,35
002546.png,37
002547.png,4
002548.png,12
002549.png,11
002550.png,9
002551.png,38
002552.png,31
002553.png,4
002554.png,11
002555.png,32
002556.png,17
002557.png,16
002558.png,33
002559.png,44
002560.png,35
002561.png,3
002562.png,3
002563.png,7
002564.png,18
002565.png,30
002566.png,28
002567.png,43
002568.png,17
002569.png,18
002570.png,13
002571.png,15
002572.png,12
002573.png,36
002574.png,10
002575.png,5
002576.png,20
002577.png,13
002578.png,32
002579.png,11
002580.png,18
002581.png,15
002582.png,21
002583.png,3
002584.png,27
002585.png,26
002586.png,15
002587.png,43
002588.png,6
002589.png,41
002590.png,5
002591.png,19
002592.png,38
002593.png,30
002594.png,10
002595.png,41
002596.png,25
002597.png,31
002598.png,44
002599.png,44
002600.png,41
002601.png,20
002602.png,25
002603.png,27
002604.png,22
002605.png,4
002606.png,24
002607.png,36
002608.png,24
002609.png,34
002610.png,16
002611.png,7
002612.png,18
002613.png,11
002614.png,12
002615.png,42
002616.png,42
002617.png,15
002618.png,18
002619.png,14
002620.png,35
002621.png,37
002622.png,1
002623.png,11
002624.png,33
002625.png,38
002626.png,22
002627.png,12
002628.png,23
002629.png,34
002630.png,15
002631.png,21
002632.png,21
002633.png,26
002634.png,33
002635.png,1
002636.png,16
002637.png,10
002638.png,35
002639.png,19
002640.png,35
002641.png,6
002642.png,36
002643.png,4
002644.png,5
002645.png,22
002646.png,33
002647.png,9
002648.png,28
002649.png,24
002650.png,17
002651.png,41
002652.png,21
002653.png,36
002654.png,41
002655.png,24
002656.png,19
002657.png,15
002658.png,35
002659.png,4
002660.png,31
002661.png,5
002662.png,11
002663.png,18
002664.png,27
002665.png,44
002666.png,21
002667.png,9
002668.png,22
002669.png,2
002670.png,21
002671.png,20
002672.png,24
002673.png,32
002674.png,6
002675.png,5
002676.png,12
002677.png,30
002678.png,22
002679.png,14
002680.png,2
002681.png,19
002682.png,18
002683.png,6
002684.png,1
002685.png,28
002686.png,42
002687.png,27
002688.png,44
002689.png,41
002690.png,24
002691.png,23
002692.png,39
002693.png,3
002694.png,5
002695.png,24
002696.png,36
002697.png,5
002698.png,4
002699.png,15
002700.png,22
002701.png,39
002702.png,41
002703.png,44
002704.png,16
002705.png,32
002706.png,12
002707.png,5
002708.png,6
002709.png,43
002710.png,24
002711.png,13
002712.png,38
002713.png,11
002714.png,13
002715.png,38
002716.png,37
002717.png,30
002718.png,5
002719.png,35
002720.png,22
002721.png,12
002722.png,13
002723.png,27
002724.png,34
002725.png,33
002726.png,1
002727.png,14
002728.png,22
002729.png,10
002730.png,30
002731.png,2
002732.png,2
002733.png,35
002734.png,43
002735.png,3
002736.png,19
002737.png,21
002738.png,22
002739.png,20
002740.png,15
002741.png,42
002742.png,5
002743.png,24
002744.png,2
002745.png,41
002746.png,39
002747.png,20
002748.png,17
002749.png,3
002750.png,13
002751.png,43
002752.png,34
002753.png,27
002754.png,22
002755.png,23
002756.png,21
002757.png,32
002758.png,14
002759.png,9
002760.png,5
002761.png,22
002762.png,19
002763.png,32
002764.png,26
002765.png,35
002766.png,22
002767.png,26
002768.png,6
002769.png,1
002770.png,33
002771.png,11
002772.png,5
002773.png,26
002774.png,14
002775.png,23
002776.png,24
002777.png,11
002778.png,13
002779.png,33
002780.png,2
002781.png,19
002782.png,20
002783.png,38
002784.png,36
002785.png,24
002786.png,19
002787.png,39
002788.png,22
002789.png,27
002790.png,19
002791.png,38
002792.png,33
002793.png,11
002794.png,5
002795.png,23
002796.png,34
002797.png,15
002798.png,4
002799.png,31
002800.png,26
002801.png,9
002802.png,2
002803.png,11
002804.png,9
002805.png,44
002806.png,31
002807.png,41
002808.png,11
002809.png,19
002810.png,14
002811.png,39
002812.png,14
002813.png,15
002814.png,27
002815.png,10
002816.png,32
002817.png,15
002818.png,39
002819.png,36
002820.png,22
002821.png,11
002822.png,14
002823.png,25
002824.png,18
002825.png,5
002826.png,5
002827.png,38
002828.png,32
002829.png,25
002830.png,23
002831.png,14
002832.png,35
002833.png,14
002834.png,43
002835.png,5
002836.png,43
002837.png,2
002838.png,20
002839.png,36
002840.png,38
002841.png,31
002842.png,36
002843.png,5
002844.png,39
002845.png,32
002846.png,44
002847.png,44
002848.png,43
002849.png,42
002850.png,13
002851.png,38
002852.png,12
002853.png,19
002854.png,7
002855.png,12
002856.png,11
002857.png,36
002858.png,19
002859.png,35
002860.png,31
002861.png,36
002862.png,43
002863.png,32
002864.png,41
002865.png,36
002866.png,7
002867.png,9
002868.png,2
002869.png,7
002870.png,4
002871.png,21
002872.png,30
002873.png,33
002874.png,28
002875.png,3
002876.png,20
002877.png,12
002878.png,37
002879.png,22
002880.png,12
002881.png,19
002882.png,43
002883.png,12
002884.png,44
002885.png,7
002886.png,20
002887.png,5
002888.png,20
002889.png,20
002890.png,42
002891.png,27
002892.png,12
002893.png,36
002894.png,35
002895.png,42
002896.png,35
002897.png,5
002898.png,22
002899.png,42
002900.png,32
002901.png,24
002902.png,19
002903.png,13
002904.png,13
002905.png,31
002906.png,36
002907.png,28
002908.png,26
002909.png,42
002910.png,30
002911.png,12
002912.png,7
002913.png,36
002914.png,7
002915.png,20
002916.png,27
002917.png,43
002918.png,11
002919.png,9
002920.png,33
002921.png,19
002922.png,44
002923.png,14
002924.png,17
002925.png,15
002926.png,27
002927.png,20
002928.png,10
002929.png,18
002930.png,10
002931.png,1
002932.png,15
002933.png,24
002934.png,19
002935.png,4
002936.png,17
002937.png,27
002938.png,10
002939.png,3
002940.png,13
002941.png,43
002942.png,32
002943.png,9
002944.png,35
002945.png,27
002946.png,11
002947.png,2
002948.png,33
002949.png,36
002950.png,32
002951.png,2
002952.png,41
002953.png,5
002954.png,9
002955.png,28
002956.png,18
002957.png,27
002958.png,36
002959.png,19
002960.png,6
002961.png,15
002962.png,36
002963.png,5
002964.png,13
002965.png,22
002966.png,1
002967.png,23
002968.png,26
002969.png,1
002970.png,41
002971.png,4
002972.png,43
002973.png,31
002974.png,44
002975.png,10
002976.png,42
002977.png,18
002978.png,3
002979.png,22
002980.png,43
002981.png,12
002982.png,37
002983.png,10
002984.png,21
002985.png,25
002986.png,21
002987.png,35
002988.png,22
002989.png,2
002990.png,35
002991.png,31
002992.png,31
002993.png,19
002994.png,1
002995.png,33
002996.png,9
002997.png,20
002998.png,4
002999.png,37
003000.png,42
003001.png,26
003002.png,28
003003.png,31
003004.png,2
003005.png,43
003006.png,7
003007.png,30
003008.png,1
003009.png,21
003010.png,43
003011.png,9
003012.png,10
003013.png,25
003014.png,13
003015.png,41
003016.png,9
003017.png,9
003018.png,5
003019.png,20
003020.png,17
003021.png,39
003022.png,23
003023.png,34
003024.png,18
003025.png,19
003026.png,36
003027.png,9
003028.png,12
003029.png,6
003030.png,32
003031.png,22
003032.png,19
003033.png,34
003034.png,28
003035.png,32
003036.png,38
003037.png,24
003038.png,3
003039.png,39
003040.png,5
003041.png,5
003042.png,43
003043.png,43
003044.png,22
003045.png,1
003046.png,28
003047.png,4
003048.png,12
003049.png,12
003050.png,34
003051.png,1
003052.png,16
003053.png,1
003054.png,32
003055.png,4
003056.png,23
003057.png,30
003058.png,25
003059.png,9
003060.png,44
003061.png,34
003062.png,21
003063.png,15
003064.png,15
003065.png,4
003066.png,23
003067.png,21
003068.png,17
003069.png,14
003070.png,18
003071.png,24
003072.png,31
003073.png,2
003074.png,36
003075.png,23
003076.png,18
003077.png,13
003078.png,44
003079.png,37
003080.png,44
003081.png,27
003082.png,18
003083.png,19
003084.png,30
003085.png,15
003086.png,31
003087.png,11
003088.png,37
003089.png,7
003090.png,28
003091.png,9
003092.png,33
003093.png,44
003094.png,31
003095.png,23
003096.png,37
003097.png,27
003098.png,19
003099.png,43
003100.png,35
003101.png,18
003102.png,17
003103.png,37
003104.png,36
003105.png,44
003106.png,28
003107.png,19
003108.png,20
003109.png,4
003110.png,25
003111.png,26
003112.png,10
003113.png,44
003114.png,4
003115.png,31
003116.png,17
003117.png,37
003118.png,32
003119.png,26
003120.png,26
003121.png,12
003122.png,23
003123.png,2
003124.png,20
003125.png,32
003126.png,19
003127.png,23
003128.png,16
003129.png,18
003130.png,35
003131.png,12
003132.png,24
003133.png,38
003134.png,7
003135.png,5
003136.png,36
003137.png,34
003138.png,9
003139.png,25
003140.png,30
003141.png,18
003142.png,20
003143.png,19
003144.png,25
003145.png,13
003146.png,35
003147.png,32
003148.png,6
003149.png,11
003150.png,35
003151.png,22
003152.png,5
003153.png,5
003154.png,27
003155.png,35
003156.png,7
003157.png,15
003158.png,5
003159.png,44
003160.png,41
003161.png,6
003162.png,18
003163.png,27
003164.png,14
003165.png,26
003166.png,38
003167.png,30
003168.png,20
003169.png,34
003170.png,37
003171.png,17
003172.png,23
003173.png,43
003174.png,5
003175.png,7
003176.png,36
003177.png,24
003178.png,19
003179.png,15
003180.png,11
003181.png,36
003182.png,4
003183.png,44
003184.png,25
003185.png,37
003186.png,13
003187.png,3
003188.png,22
003189.png,38
003190.png,41
003191.png,11
003192.png,31
003193.png,16
003194.png,34
003195.png,2
003196.png,16
003197.png,41
003198.png,41
003199.png,37
003200.png,13
003201.png,43
003202.png,15
003203.png,4
003204.png,30
003205.png,41
003206.png,41
003207.png,1
003208.png,16
003209.png,6
003210.png,13
003211.png,38
003212.png,42
003213.png,18
003214.png,25
003215.png,1
003216.png,39
003217.png,37
003218.png,1
003219.png,32
003220.png,34
003221.png,14
003222.png,15
003223.png,39
003224.png,6
003225.png,16
003226.png,16
003227.png,10
003228.png,12
003229.png,2
003230.png,34
003231.png,13
003232.png,26
003233.png,11
003234.png,19
003235.png,4
003236.png,15
003237.png,42
003238.png,3
003239.png,2
003240.png,37
003241.png,26
003242.png,7
003243.png,1
003244.png,42
003245.png,14
003246.png,14
003247.png,16
003248.png,12
003249.png,10
003250.png,19
003251.png,1
003252.png,35
003253.png,37
003254.png,11
003255.png,3
003256.png,38
003257.png,24
003258.png,9
003259.png,28
003260.png,41
003261.png,6
003262.png,15
003263.png,43
003264.png,27
003265.png,10
003266.png,30
003267.png,12
003268.png,5
003269.png,16
003270.png,2
003271.png,6
003272.png,2
003273.png,23
003274.png,44
003275.png,6
003276.png,5
003277.png,28
003278.png,39
003279.png,17
003280.png,41
003281.png,5
003282.png,10
003283.png,1
003284.png,7
003285.png,27
003286.png,7
003287.png,6
003288.png,36
003289.png,3
003290.png,39
003291.png,21
003292.png,9
003293.png,32
003294.png,34
003295.png,25
003296.png,32
003297.png,44
003298.png,2
003299.png,17
003300.png,22
003301.png,9
003302.png,11
003303.png,42
003304.png,14
003305.png,31
003306.png,30
003307.png,23
003308.png,11
003309.png,18
003310.png,37
003311.png,12
003312.png,11
003313.png,37
003314.png,35
003315.png,43
003316.png,5
003317.png,35
003318.png,5
003319.png,17
003320.png,32
003321.png,17
003322.png,22
003323.png,3
003324.png,3
003325.png,33
003326.png,41
003327.png,41
003328.png,43
003329.png,12
003330.png,4
003331.png,9
003332.png,23
003333.png,3
003334.png,32
003335.png,35
003336.png,35
003337.png,22
003338.png,28
003339.png,18
003340.png,16
003341.png,4
003342.png,22
003343.png,19
003344.png,9
003345.png,7
003346.png,13
003347.png,7
003348.png,4
003349.png,23
003350.png,31
003351.png,20
003352.png,35
003353.png,44
003354.png,13
003355.png,26
003356.png,25
003357.png,39
003358.png,36
003359.png,11
003360.png,3
003361.png,5
003362.png,43
003363.png,18
003364.png,15
003365.png,28
003366.png,16
003367.png,6
003368.png,10
003369.png,30
003370.png,24
003371.png,41
003372.png,14
003373.png,38
003374.png,24
003375.png,23
003376.png,20
003377.png,43
003378.png,41
003379.png,36
003380.png,39
003381.png,35
003382.png,30
003383.png,10
003384.png,6
003385.png,19
003386.png,30
003387.png,7
003388.png,2
003389.png,6
003390.png,15
003391.png,20
003392.png,32
003393.png,13
003394.png,6
003395.png,23
003396.png,24
003397.png,7
003398.png,12
003399.png,27
003400.png,26
003401.png,42
003402.png,17
003403.png,2
003404.png,30
003405.png,34
003406.png,15
003407.png,43
003408.png,1
003409.png,26
003410.png,32
003411.png,27
003412.png,26
003413.png,11
003414.png,23
003415.png,41
003416.png,17
003417.png,25
003418.png,13
003419.png,30
003420.png,22
003421.png,26
003422.png,11
003423.png,14
003424.png,15
003425.png,31
003426.png,28
003427.png,9
003428.png,22
003429.png,17
003430.png,27
003431.png,9
003432.png,33
003433.png,36
003434.png,20
003435.png,28
003436.png,17
003437.png,5
003438.png,9
003439.png,25
003440.png,10
003441.png,38
003442.png,9
003443.png,31
003444.png,9
003445.png,16
003446.png,3
003447.png,43
003448.png,11
003449.png,35
003450.png,1
003451.png,26
003452.png,1
003453.png,18
003454.png,42
003455.png,32
003456.png,38
003457.png,39
003458.png,31
003459.png,2
003460.png,6
003461.png,15
003462.png,30
003463.png,34
003464.png,26
003465.png,24
003466.png,39
003467.png,36
003468.png,36
003469.png,3
003470.png,44
003471.png,10
003472.png,32
003473.png,43
003474.png,12
003475.png,27
003476.png,16
003477.png,14
003478.png,44
003479.png,12
003480.png,31
003481.png,41
003482.png,1
003483.png,10
003484.png,17
003485.png,4
003486.png,19
003487.png,5
003488.png,25
003489.png,22
003490.png,37
003491.png,3
003492.png,15
003493.png,9
003494.png,18
003495.png,5
003496.png,17
003497.png,10
003498.png,34
003499.png,13
003500.png,41
003501.png,33
003502.png,38
003503.png,3
003504.png,23
003505.png,14
003506.png,11
003507.png,28
003508.png,16
003509.png,19
003510.png,20
003511.png,38
003512.png,36
003513.png,11
003514.png,14
003515.png,9
003516.png,36
003517.png,19
003518.png,11
003519.png,14
003520.png,39
003521.png,44
003522.png,31
003523.png,10
003524.png,32
003525.png,15
003526.png,27
003527.png,19
003528.png,5
003529.png,15
003530.png,13
003531.png,1
003532.png,20
003533.png,38
003534.png,6
003535.png,5
003536.png,37
003537.png,23
003538.png,35
003539.png,3
003540.png,17
003541.png,43
003542.png,11
003543.png,32
003544.png,28
003545.png,7
003546.png,37
003547.png,1
003548.png,27
003549.png,31
003550.png,23
003551.png,27
003552.png,23
003553.png,13
003554.png,27
003555.png,21
003556.png,13
003557.png,7
003558.png,26
003559.png,7
003560.png,4
003561.png,4
003562.png,3
003563.png,13
003564.png,16
003565.png,25
003566.png,3
003567.png,1
003568.png,37
003569.png,28
003570.png,11
003571.png,41
003572.png,22
003573.png,43
003574.png,3
003575.png,14
003576.png,24
003577.png,31
003578.png,2
003579.png,42
003580.png,10
003581.png,39
003582.png,12
003583.png,33
003584.png,24
003585.png,16
003586.png,3
003587.png,31
003588.png,2
003589.png,17
003590.png,5
003591.png,28
003592.png,34
003593.png,2
003594.png,34
003595.png,5
003596.png,34
003597.png,42
003598.png,20
003599.png,36
003600.png,34
003601.png,31
003602.png,32
003603.png,35
003604.png,21
003605.png,9
003606.png,16
003607.png,37
003608.png,4
003609.png,31
003610.png,34
003611.png,7
003612.png,22
003613.png,14
003614.png,43
003615.png,14
003616.png,10
003617.png,19
003618.png,18
003619.png,13
003620.png,18
003621.png,41
003622.png,25
003623.png,39
003624.png,24
003625.png,33
003626.png,9
003627.png,20
003628.png,42
003629.png,31
003630.png,11
003631.png,17
003632.png,38
003633.png,42
003634.png,5
003635.png,11
003636.png,24
003637.png,10
003638.png,41
003639.png,35
003640.png,41
003641.png,14
003642.png,10
003643.png,30
003644.png,24
003645.png,33
003646.png,7
003647.png,35
003648.png,20
003649.png,17
003650.png,25
003651.png,32
003652.png,39
003653.png,26
003654.png,5
003655.png,2
003656.png,10
003657.png,2
003658.png,4
003659.png,5
003660.png,1
003661.png,15
003662.png,36
003663.png,4
003664.png,13
003665.png,39
003666.png,15
003667.png,30
003668.png,5
003669.png,25
003670.png,27
003671.png,30
003672.png,32
003673.png,14
003674.png,42
003675.png,26
003676.png,30
003677.png,38
003678.png,33
003679.png,37
003680.png,7
003681.png,33
003682.png,42
003683.png,39
003684.png,6
003685.png,14
003686.png,13
003687.png,24
003688.png,35
003689.png,36
003690.png,12
003691.png,5
003692.png,35
003693.png,18
003694.png,2
003695.png,39
003696.png,14
003697.png,13
003698.png,33
003699.png,33
003700.png,27
003701.png,14
003702.png,25
003703.png,27
003704.png,11
003705.png,44
003706.png,42
003707.png,33
003708.png,1
003709.png,35
003710.png,31
003711.png,37
003712.png,38
003713.png,19
003714.png,9
003715.png,34
003716.png,36
003717.png,17
003718.png,20
003719.png,17
003720.png,3
003721.png,5
003722.png,32
003723.png,40
003724.png,39
003725.png,7
003726.png,37
003727.png,18
003728.png,25
003729.png,21
003730.png,5
003731.png,36
003732.png,2
003733.png,5
003734.png,14
003735.png,3
003736.png,38
003737.png,26
003738.png,31
003739.png,6
003740.png,6
003741.png,39
003742.png,7
003743.png,19
003744.png,17
003745.png,13
003746.png,36
003747.png,13
003748.png,44
003749.png,2
003750.png,10
003751.png,19
003752.png,17
003753.png,43
003754.png,26
003755.png,39
003756.png,14
003757.png,41
003758.png,11
003759.png,43
003760.png,38
003761.png,22
003762.png,1
003763.png,26
003764.png,18
003765.png,6
003766.png,35
003767.png,7
003768.png,2
003769.png,2
003770.png,39
003771.png,41
003772.png,42
003773.png,26
003774.png,4
003775.png,10
003776.png,44
003777.png,42
003778.png,31
003779.png,9
003780.png,13
003781.png,39
003782.png,35
003783.png,35
003784.png,38
003785.png,33
003786.png,2
003787.png,17
003788.png,31
003789.png,41
003790.png,6
003791.png,19
003792.png,39
003793.png,28
003794.png,18
003795.png,2
003796.png,1
003797.png,38
003798.png,21
003799.png,42
003800.png,44
003801.png,20
003802.png,28
003803.png,43
003804.png,31
003805.png,32
003806.png,21
003807.png,44
003808.png,31
003809.png,7
003810.png,17
003811.png,14
003812.png,24
003813.png,41
003814.png,13
003815.png,21
003816.png,20
003817.png,12
003818.png,42
003819.png,39
003820.png,5
003821.png,27
003822.png,10
003823.png,13
003824.png,15
003825.png,35
003826.png,10
003827.png,11
003828.png,43
003829.png,34
003830.png,34
003831.png,11
003832.png,2
003833.png,20
003834.png,25
003835.png,42
003836.png,15
003837.png,24
003838.png,3
003839.png,1
003840.png,5
003841.png,11
003842.png,30
003843.png,23
003844.png,42
003845.png,24
003846.png,10
003847.png,16
003848.png,38
003849.png,42
003850.png,5
003851.png,35
003852.png,18
003853.png,13
003854.png,17
003855.png,37
003856.png,43
003857.png,6
003858.png,5
003859.png,43
003860.png,7
003861.png,4
003862.png,43
003863.png,11
003864.png,30
003865.png,20
003866.png,26
003867.png,16
003868.png,43
003869.png,6
003870.png,44
003871.png,44
