{"1": "1", "2": "3", "3": "4", "4": "6", "5": "7", "6": "9", "7": "=", "8": "@", "9": "B", "10": "D", "11": "E", "12": "F", "13": "G", "14": "H", "15": "J", "16": "K", "17": "L", "18": "M", "19": "N", "20": "P", "21": "Q", "22": "R", "23": "T", "24": "U", "25": "V", "26": "W", "27": "X", "28": "Y", "29": "Z", "30": "_", "31": "a", "32": "b", "33": "d", "34": "e", "35": "f", "36": "g", "37": "h", "38": "k", "39": "m", "40": "n", "41": "p", "42": "q", "43": "r", "44": "t", "45": "u", "46": "v", "47": "x", "0": "<BLANK>"}